dataset,algorithm,nodes,edges,train_edges,heldout_edges,runtime_sec,community_count,mean_size,modularity,coverage,mean_density,mean_conductance,auc,average_precision,ego_cluster_count,ego_cluster_mean_size,ego_cluster_mean_density
facebook,EgoNet-APM,4039.0,88234.0,87352.0,882.0,19.168329084,123.0,32.83739837398374,0.0008774120166397179,0.9969548493451781,0.11301209856096119,0.7681736332999755,0.9818047778446224,0.980877050490471,7467.0,23.374045801526716,0.7261565645230864
facebook,Louvain,4039.0,88234.0,87352.0,882.0,0.5127199169999983,15.0,269.26666666666665,0.8345644007419537,0.9610655737704918,0.25744440642588595,0.05446526751355834,0.9937963091510225,0.9925043304359988,0.0,0.0,0.0
enron,EgoNet-APM,36692.0,183831.0,182831.0,1000.0,25.387754625,19479.0,1.8836695928949125,0.056881095200833,0.8202219536074298,0.17639298134396902,0.8460018917486448,0.939728,0.9396403307233736,53566.0,6.298696934622709,0.8312108398302844
enron,Louvain,36692.0,183831.0,182831.0,1000.0,2.6927845840000018,1270.0,28.891338582677164,0.6103538820569021,0.740722306392242,0.8817084637168183,0.018925684273687474,0.969258,0.9595698784037819,0.0,0.0,0.0
astro_ph,EgoNet-APM,18771.0,198050.0,197050.0,1000.0,22.031292166,5776.0,3.2498268698060944,0.03957732342460197,0.8858919056077138,0.14979919029060199,0.895786961195781,0.9714545,0.9714639830508475,41970.0,9.280724326900167,0.8985384547041085
astro_ph,Louvain,18771.0,198050.0,197050.0,1000.0,2.50062929100001,325.0,57.75692307692308,0.6267329006551203,0.6979243846739406,0.8603425832775423,0.02435350764519057,0.9827845,0.9802633106725194,0.0,0.0,0.0
