dataset,algorithm,nodes,edges,train_edges,heldout_edges,runtime_sec,community_count,mean_size,modularity,coverage,mean_density,mean_conductance,auc,average_precision,ego_cluster_count,ego_cluster_mean_size,ego_cluster_mean_density
facebook,EgoNet-APM,4039.0,88234.0,87352.0,882.0,6.784720832947642,123.0,32.83739837398374,0.0008774120166397169,0.9969548493451781,0.11301209856096119,0.7681736332999752,0.9807301227369255,0.9798611897810521,7438.0,23.46571659048131,0.7250850539583862
facebook,Louvain,4039.0,88234.0,87352.0,882.0,0.33371754200197756,15.0,269.26666666666665,0.8345644007419537,0.9610655737704918,0.25744440642588595,0.05446526751355833,0.9937963091510225,0.9925043304359988,0.0,0.0,0.0
enron,EgoNet-APM,36692.0,183831.0,182831.0,1000.0,8.819941292051226,19485.0,1.8830895560687708,0.05558298085018932,0.8203915090985664,0.1687814426898621,0.8571483462480132,0.938729,0.9386448034790267,53497.0,6.306877021141372,0.8310379441200562
enron,Louvain,36692.0,183831.0,182831.0,1000.0,1.721967166988179,1270.0,28.891338582677164,0.6103538820568999,0.740722306392242,0.8817084637168192,0.01892568427368749,0.969258,0.9595698784037819,0.0,0.0,0.0
astro_ph,EgoNet-APM,18771.0,198050.0,197050.0,1000.0,7.611439041793346,5711.0,3.2868149185781825,0.03898184505392634,0.8891804110631819,0.1528769308426701,0.8938076356534205,0.9725,0.9725,42033.0,9.266885542311993,0.8991363852122549
astro_ph,Louvain,18771.0,198050.0,197050.0,1000.0,1.5782538750208914,325.0,57.75692307692308,0.6267329006551274,0.6979243846739406,0.8603425832775429,0.02435350764519057,0.9827845,0.9802633106725194,0.0,0.0,0.0
