dataset,algorithm,pre_csr_runtime_sec,post_csr_runtime_sec,speedup,delta_sec
facebook,EgoNet-APM-W1,8.520406624861062,3.9127125500235707,2.1776214112150236,4.607694074837491
facebook,EgoNet-CC-W1,5.523137166490779,2.310056191449985,2.390910310724517,3.2130809750407936
facebook,Louvain,0.3188739913515747,0.3300428002141416,0.9661595136893752,-0.011168808862566937
enron,EgoNet-APM-W1,10.423179466789588,6.071900541801005,1.7166255268894666,4.351278924988582
enron,EgoNet-CC-W1,3.5842536251991985,1.7310885663609952,2.07052007323567,1.8531650588382034
enron,Louvain,1.9705433750059456,1.9962544753681868,0.9871203292568703,-0.025711100362241224
astro_ph,EgoNet-APM-W1,9.705894549936056,5.003089274838567,1.939980283531765,4.702805275097489
astro_ph,EgoNet-CC-W1,5.295734141673893,2.445061325188726,2.165890109633603,2.8506728164851665
astro_ph,Louvain,1.5773856247775258,1.585200549615547,0.9950700718341812,-0.007814924838021264
