dataset,algorithm,pre_csr_runtime_sec,post_csr_runtime_sec,speedup,delta_sec
facebook,EgoNet-APM-W1,8.520406624861062,4.044662900036201,2.106580161423292,4.475743724824861
facebook,EgoNet-CC-W1,5.523137166490779,2.4019532084465025,2.2994357871204936,3.121183958044276
facebook,Louvain,0.3188739913515747,0.31875350838527083,1.0003779816163096,0.00012048296630384758
enron,EgoNet-APM-W1,10.423179466789588,6.020095958188176,1.7313975622950992,4.403083508601411
enron,EgoNet-CC-W1,3.5842536251991985,1.6521010586060583,2.1695123349314795,1.9321525665931403
enron,Louvain,1.9705433750059456,2.0105085083283485,0.9801218780438625,-0.039965133322402924
astro_ph,EgoNet-APM-W1,9.705894549936056,4.9924011582508685,1.9441335426131103,4.713493391685188
astro_ph,EgoNet-CC-W1,5.295734141673893,2.38189748339355,2.2233258058314607,2.9138366582803426
astro_ph,Louvain,1.5773856247775258,1.62327593350783,0.9717298163651468,-0.0458903087303042
